FullName,Birthday,Nation,PhoneNumber,Email
Dud Ishak,24-06-2012,Ukraine,970-613-2617,dishak0@alexa.com
Jolyn Bragg,18-09-2003,United States,614-319-7266,jbragg1@go.com
Belle De Biasi,08-04-2001,Democratic Republic of the Congo,592-563-0424,bdebiasi3@ucla.edu
Bing Filov,19-10-1992,Indonesia,343-984-1150,bfilov4@engadget.com
West Douberday,24-05-1990,Brazil,615-444-4318,wdouberday5@mozilla.org
Marion Northridge,01-04-2020,Dominican Republic,149-504-2848,mnorthridge6@newsvine.com
Standford Semour,24-10-2010,Indonesia,442-441-9317,ssemour8@live.com
Babs Orridge,04-08-1999,Netherlands,654-596-4163,borridge9@exblog.jp
Anabal Bick,20-06-2009,Ukraine,100-307-6924,abickb@icq.com
Archibaldo Goldberg,27-04-2012,Brazil,733-212-0386,agoldbergf@ted.com
Traver Sutheran,30-12-1994,Bosnia and Herzegovina,231-864-6056,tsutherang@wired.com
Noelani Baggally,22-02-2015,Brazil,641-445-0261,nbaggallyh@discuz.net
Maye Peetermann,19-01-2011,Bulgaria,222-435-3367,mpeetermanni@rambler.ru
Barbara Coleyshaw,13-11-2005,Ecuador,415-111-0479,bcoleyshawj@unc.edu
Fania Rewan,16-12-2014,Tunisia,191-884-4571,frewank@msu.edu
Wolfgang Oakes,23-01-2013,Indonesia,257-206-7432,woakesl@illinois.edu
Ade O' Timony,06-08-2011,Brazil,869-144-1196,aotimonym@gov.uk
Ram Picknett,29-08-2016,Greece,844-259-6129,rpicknetto@sitemeter.com
Lauree Welbelove,02-04-1993,Indonesia,712-218-2506,lwelbelovep@wikipedia.org
Christie Fleischer,15-07-2006,Iran,738-533-1171,cfleischerq@earthlink.net
Winthrop Hamm,16-10-1998,Slovenia,582-122-9264,whammr@virginia.edu
Marna Breen,06-11-2017,Poland,755-125-7502,mbreenu@gravatar.com
Moss Doret,04-06-1996,Brazil,530-901-1228,mdoretv@flavors.me
Goldie Garland,08-02-2018,Brazil,257-379-3499,ggarlandw@webeden.co.uk
Arlena Armytage,23-10-2019,Brazil,258-586-8992,aarmytagex@cocolog-nifty.com
Ianthe Hamlen,08-09-2014,Greece,407-843-4247,ihamleny@sakura.ne.jp
Mame Kenworth,10-02-2000,Portugal,750-276-1808,mkenworthz@gmpg.org
Joletta O'Keefe,23-02-2002,Russia,345-311-4328,jokeefe10@artisteer.com
Demetris Golby,13-12-1991,United States,323-136-0870,dgolby11@privacy.gov.au
Gratia Mahedy,25-10-1994,Philippines,362-587-9986,gmahedy13@sbwire.com
Allissa Kensall,25-04-2014,Russia,621-600-1159,akensall14@de.vu
Ingaberg Laba,21-12-1999,Brazil,674-550-0587,ilaba15@jalbum.net
Glory Babalola,09-10-2007,Ukraine,220-483-5637,gbabalola16@deviantart.com
Haskel Najara,23-07-1998,Sweden,714-554-4153,hnajara18@twitpic.com
Lennie Portress,07-05-1990,Finland,870-183-5539,lportress19@seesaa.net
Fabian Goodoune,12-05-2010,Marshall Islands,746-893-9654,fgoodoune1a@yellowbook.com
Valentin Lambarton,21-02-2004,Montenegro,229-940-0648,vlambarton1b@ebay.com
Christabella O'Scully,20-09-2016,Colombia,538-928-2462,coscully1d@samsung.com
Bennie Trinke,06-04-2018,South Africa,553-748-1871,btrinke1e@hatena.ne.jp
Cristian Mackleden,28-10-2018,Chile,730-252-2548,cmackleden1f@wufoo.com
Smith Songust,06-04-2001,Indonesia,586-272-2263,ssongust1h@prlog.org
Jeni Rodger,28-07-2017,Indonesia,288-561-9583,jrodger1i@cnet.com
Constanta Comiam,31-03-2009,Mauritius,560-978-8891,ccomiam1j@who.int
Norris Millson,31-07-2014,Ireland,117-607-6908,nmillson1o@bizjournals.com
Tait O' Culligan,14-11-2019,Russia,891-446-0089,toculligan1p@biglobe.ne.jp
Shepherd Doud,02-09-2000,Nigeria,874-226-4208,sdoud1r@uiuc.edu
Alvin Larmour,04-01-2007,Poland,522-621-9071,alarmour1s@hatena.ne.jp
May Tellwright,19-12-2002,Greece,901-266-9397,mtellwright1t@youtu.be
Bret Vallens,10-03-2004,Ireland,551-205-2523,bvallens1u@tumblr.com
Gertrudis Creavan,11-10-2014,Czech Republic,896-323-8268,gcreavan1v@biglobe.ne.jp
Gilberte Hedgeman,30-08-2016,Russia,204-819-8853,ghedgeman1x@topsy.com
Alf Hacquoil,25-08-1995,Russia,649-415-9535,ahacquoil1y@rambler.ru
Clemens Gallager,27-06-2009,Philippines,225-181-7339,cgallager1z@bbc.co.uk
Ugo Coom,21-03-2020,Philippines,925-961-9539,ucoom21@symantec.com
Arthur Ruggiero,23-02-1999,Azerbaijan,699-566-1150,aruggiero22@phpbb.com
Rockey Kindall,25-12-1997,Serbia,843-664-5976,rkindall23@elpais.com
Nichole Dillow,01-12-2015,Russia,390-205-6658,ndillow25@techcrunch.com
Jorge Brydie,14-01-2005,Czech Republic,293-593-3922,jbrydie26@people.com.cn
Albrecht Defries,29-06-2014,Indonesia,990-587-6042,adefries27@noaa.gov
Ewan Crosland,19-09-2021,United States,562-453-2275,ecrosland29@cloudflare.com
Genni Butt Gow,30-01-2007,South Africa,835-391-9721,gbuttgow2b@360.cn
Ardelis Loyley,10-09-2019,Russia,679-369-7397,aloyley2c@free.fr
Sholom Furtado,10-09-2015,Portugal,195-574-0892,sfurtado2d@jiathis.com
Hedwig Linn,04-08-2012,Indonesia,739-937-9018,hlinn2e@redcross.org
Rutherford Blacksell,18-11-2020,Thailand,355-906-1899,rblacksell2f@usgs.gov
Rice Scrinage,28-08-2021,Malaysia,142-614-5150,rscrinage2g@statcounter.com
Deny Frisel,02-04-1995,Croatia,347-491-3346,dfrisel2i@e-recht24.de
Euell Snoddy,21-11-2010,Poland,455-784-8545,esnoddy2l@blogger.com
Daffie Jarrold,02-10-2016,Portugal,884-495-8889,djarrold2m@barnesandnoble.com
Elysia Frewer,03-05-2020,Indonesia,356-192-3030,efrewer2n@blinklist.com
Kimball Manie,19-06-1994,Indonesia,769-903-0823,kmanie2o@geocities.jp
Durand Perell,14-11-1997,United States,970-528-2511,dperell2p@unc.edu
Greta Haigh,28-11-2018,Indonesia,982-222-7378,ghaigh2q@vimeo.com
Oberon Worswick,17-12-2000,Portugal,271-318-8770,oworswick2r@cnet.com
Martin Ridesdale,03-12-2014,Indonesia,868-783-8805,mridesdale2s@mit.edu
Curcio Pitherick,15-02-1998,Brazil,193-522-4872,cpitherick2t@weather.com
Sherwynd Slimings,16-01-2003,Japan,896-614-9723,sslimings2u@oaic.gov.au
Sisile Louis,14-08-1995,Germany,797-543-2634,slouis2w@mediafire.com
Vivyanne Ashmore,07-06-2009,Indonesia,474-833-7890,vashmore2y@xinhuanet.com
Aksel Hortop,01-05-2011,Russia,628-650-1193,ahortop2z@ifeng.com
Birk Alves,08-08-1995,Poland,140-407-7680,balves30@devhub.com
Stormi Crowley,05-11-2019,Sweden,593-837-0502,scrowley34@pagesperso-orange.fr
Daria Zielinski,13-09-1990,Sweden,770-430-6333,dzielinski35@google.com.au
Cooper Fanthome,21-02-2002,Lesotho,196-442-5822,cfanthome37@skype.com
Valentijn O'Hollegan,24-05-2000,Portugal,240-898-3205,vohollegan38@shareasale.com
Bobbe O'Moylane,18-12-2019,Malaysia,494-769-5268,bomoylane39@flickr.com
Erinna Raeside,30-01-2019,Russia,930-689-9684,eraeside3a@vimeo.com
Aili Saiger,12-10-2003,Azerbaijan,312-971-7316,asaiger3b@zimbio.com
Chrotoem de Chastelain,08-03-2001,Azerbaijan,482-528-3275,cdechastelain3c@photobucket.com
Adella MacCall,26-11-2016,Peru,292-279-5260,amaccall3d@soundcloud.com
Leroi Paulucci,28-08-2005,Philippines,405-412-8795,lpaulucci3e@elegantthemes.com
Audrie Barnhill,11-08-1994,Peru,384-893-1752,abarnhill3f@dropbox.com
Hagen Blackston,08-11-2016,Peru,961-815-3185,hblackston3h@mayoclinic.com
Morris Ducarne,28-08-2004,Russia,632-872-6702,mducarne3i@trellian.com
Carolann Bramwell,22-04-2000,South Africa,725-588-1540,cbramwell3k@nydailynews.com
Marcela Spencers,14-04-1997,Russia,704-208-3568,mspencers3l@opensource.org
Dulcine Honatsch,14-10-1991,Indonesia,807-600-6133,dhonatsch3m@youku.com
Fons O'Malley,07-12-2004,Falkland Islands,479-805-9539,fomalley3n@craigslist.org
Dimitri Rasor,24-11-2007,Brazil,940-105-0350,drasor3o@live.com
Leanna Burwood,21-10-2010,Russia,820-936-5324,lburwood3p@sakura.ne.jp
Frances Goady,10-05-1998,Bolivia,238-819-4748,fgoady3q@chron.com
Chantal McCane,04-09-2017,Canada,156-235-4088,cmccane3r@t-online.de
Blinni Boughey,12-03-2009,Iran,731-496-6333,bboughey3t@soundcloud.com
Arluene Scad,25-01-2007,Croatia,704-954-1777,ascad3u@hugedomains.com
Gareth Shovel,13-02-2018,Canada,130-590-6029,gshovel3v@xrea.com
Horacio Bremmell,01-04-2006,Russia,615-587-7396,hbremmell3w@ibm.com
Georgina Westcot,21-10-1998,Brazil,672-832-4301,gwestcot3x@soup.io
Nari Chevers,25-05-2004,Poland,590-495-7146,nchevers3y@sina.com.cn
Ralina Hankin,19-03-1991,Argentina,782-472-6317,rhankin3z@cdbaby.com
Mitch MacEllen,14-09-2020,Indonesia,667-257-7323,mmacellen42@newyorker.com
Meir Avramov,17-10-2020,Iran,852-552-1539,mavramov43@aol.com
Merrile Bomb,30-12-2002,Slovenia,330-945-2042,mbomb44@webs.com
Bathsheba Waker,11-05-2011,Brazil,443-765-6334,bwaker45@gov.uk
Sunny Corhard,06-05-2007,Japan,979-558-0634,scorhard46@cloudflare.com
Shayna Rappa,10-05-1991,Pakistan,543-557-0631,srappa47@elpais.com
Zita Duiguid,16-10-2003,United States,408-208-1473,zduiguid48@yahoo.co.jp
Franky Boobier,28-05-1998,Netherlands,638-876-8410,fboobier49@acquirethisname.com
Kristos Gilhooley,22-09-1997,Honduras,722-149-7198,kgilhooley4a@livejournal.com
Aubert Thornally,22-06-2015,Ireland,507-126-2590,athornally4b@about.com
Urban Whitlow,16-08-2009,Georgia,824-377-5383,uwhitlow4d@a8.net
Harold Rhubottom,13-04-1995,Vietnam,712-108-1850,hrhubottom4e@wordpress.com
Catharina Banville,19-07-2019,United Kingdom,280-919-6653,cbanville4f@gnu.org
Clerc Walework,21-08-2016,Thailand,671-845-6387,cwalework4g@fda.gov
Randi Tonbye,04-06-2008,Sweden,834-751-3349,rtonbye4h@cdc.gov
Louie Crosscombe,21-12-2017,Philippines,895-817-6813,lcrosscombe4i@jiathis.com
Ira Gresham,16-10-2016,Japan,207-643-1381,igresham4m@harvard.edu
Archambault Oscroft,19-04-2003,Indonesia,665-762-3223,aoscroft4o@hibu.com
Myrwyn Kiledal,06-02-2000,Brazil,541-932-3537,mkiledal4p@cnbc.com
Robinett Hradsky,29-07-2008,Portugal,477-838-8084,rhradsky4q@angelfire.com
Jaquelyn Fer,06-08-2000,Indonesia,123-414-1211,jfer4t@army.mil
Anallise Edgerly,30-12-2020,Morocco,729-168-0784,aedgerly4u@seesaa.net
Hilary Marcroft,13-07-1996,Philippines,295-664-8435,hmarcroft4v@disqus.com
Kippar Butner,17-02-1997,Germany,919-966-0249,kbutner4w@gizmodo.com
Brant Benezeit,25-03-1991,Thailand,343-337-3161,bbenezeit4x@4shared.com
Rachele Bissett,07-02-2020,Albania,443-712-9398,rbissett4y@youtube.com
Killian Braunfeld,02-03-2021,Brazil,951-174-3028,kbraunfeld52@bbb.org
Ranee Aartsen,22-12-2019,Zambia,778-613-8378,raartsen53@accuweather.com
Trudi Asple,29-03-2005,Russia,459-883-4118,tasple54@gmpg.org
Roderich Hazeup,02-07-2019,Nigeria,867-356-4923,rhazeup55@mail.ru
Monroe Veevers,20-09-2009,Indonesia,851-773-7320,mveevers56@homestead.com
Enriqueta Costi,10-04-1996,United States,616-217-3402,ecosti57@timesonline.co.uk
Patrice Stadden,10-07-1998,Albania,263-503-8911,pstadden58@java.com
Sorcha Alcock,01-07-1991,Peru,402-919-0798,salcock59@flavors.me
Frans Sellner,23-05-1999,Mongolia,457-266-9247,fsellner5b@chicagotribune.com
Marsha Tulloch,23-07-1997,Spain,360-945-3849,mtulloch5c@twitpic.com
Annabela Cadore,11-05-2015,Indonesia,247-481-2853,acadore5d@fda.gov
Tyrus Clampin,17-04-2003,Vietnam,368-673-5420,tclampin5e@mapquest.com
Rheta Crownshaw,31-10-2018,Poland,161-755-7217,rcrownshaw5f@live.com
Jakob Attwoull,17-12-1990,Tajikistan,131-454-3150,jattwoull5h@walmart.com
Lilla Sackes,01-02-2003,Portugal,547-789-2293,lsackes5i@alexa.com
Charmine Tremmil,13-06-1995,Philippines,357-848-5216,ctremmil5j@cbsnews.com
Maribelle Ledington,07-01-2017,Tunisia,406-787-2333,mledington5k@wordpress.com
Tyrus Alvaro,15-12-2020,Greece,541-383-8391,talvaro5l@uiuc.edu
Kariotta Gothliff,09-06-2013,Argentina,697-515-5872,kgothliff5m@nih.gov
Dre Willey,23-11-2013,Russia,534-493-3593,dwilley5n@ocn.ne.jp
Steffane Silburn,01-01-2014,Poland,539-886-9020,ssilburn5o@ucla.edu
Olga Klimowicz,12-07-1997,Ireland,187-678-2929,oklimowicz5p@eventbrite.com
Felisha Garn,08-11-2008,Sweden,114-800-4183,fgarn5r@posterous.com
Maryrose Dicky,11-12-2010,Poland,723-201-6587,mdicky5s@shutterfly.com
Connie Wayon,12-08-2010,Bosnia and Herzegovina,209-966-8745,cwayon5t@berkeley.edu
Olga Fynes,08-05-2006,Indonesia,500-934-4159,ofynes5u@indiatimes.com
Waylin Rainford,16-08-2009,Cameroon,104-662-1015,wrainford5v@harvard.edu
Aksel Glanfield,06-09-2020,Germany,216-886-7151,aglanfield5w@zimbio.com
Maryanne Rothschild,01-04-2012,Uganda,896-204-6368,mrothschild5x@arstechnica.com
Ivor Miall,16-06-2004,Mozambique,115-804-2082,imiall5y@auda.org.au
Nathanial Capstake,09-12-2002,Nigeria,669-660-3009,ncapstake60@timesonline.co.uk
Obadiah Halley,10-09-2021,Indonesia,999-374-9848,ohalley61@smugmug.com
Wald Golling,21-04-2012,Greece,363-663-1366,wgolling62@uiuc.edu
Gannon Shaddock,17-01-1991,Moldova,792-725-9777,gshaddock63@myspace.com
Luciano Eltringham,01-10-2002,Poland,575-639-5637,leltringham64@icq.com
Gustavo Skpsey,16-10-2008,Mongolia,463-937-3761,gskpsey65@hao123.com
Beverlee Sandaver,30-08-1999,Sweden,309-941-9020,bsandaver66@clickbank.net
Kettie Lewisham,15-01-2000,Iran,191-587-7069,klewisham68@bbb.org
Ive Deller,03-06-1992,Pakistan,605-797-4121,ideller69@fotki.com
Svend Hackwell,11-07-2012,Vietnam,481-772-3310,shackwell6a@chron.com
Rockwell Toft,07-03-1991,Portugal,525-316-2022,rtoft6b@redcross.org
Lily Josifovitz,23-02-2000,Poland,781-113-5073,ljosifovitz6d@skyrock.com
Luella Backshaw,03-05-2001,Russia,989-874-0324,lbackshaw6i@bigcartel.com
Wynn Littleover,22-10-2009,Thailand,780-650-4576,wlittleover6j@ihg.com
Osbert Veregan,25-05-2020,Mongolia,293-823-6717,overegan6l@howstuffworks.com
Sheena Fruchter,15-02-1994,Philippines,562-927-4523,sfruchter6m@cbslocal.com
Byron Butchard,14-10-2021,Vietnam,495-553-6236,bbutchard6n@reference.com
Michel Peers,12-04-2013,Yemen,778-255-2303,mpeers6o@hostgator.com
Joelly Fleckness,29-06-2020,Russia,702-727-4959,jfleckness6q@artisteer.com
Alfi Kemster,08-01-2001,Thailand,792-716-0941,akemster6r@pen.io
Omar McIlwraith,08-06-2005,Indonesia,931-240-8767,omcilwraith6s@cyberchimps.com
Hogan O'Lahy,11-02-2004,Philippines,183-666-6642,holahy6u@cbslocal.com
Con Bascombe,22-06-2004,Colombia,232-204-6166,cbascombe6v@tinyurl.com
Claudetta Hallowes,04-06-1995,Japan,165-942-7705,challowes6w@shareasale.com
Gordon Greser,14-12-2001,Philippines,268-483-4880,ggreser6x@reference.com
Cly Durnan,29-06-1999,United States,214-743-7019,cdurnan6y@imgur.com
Bertram Albrooke,08-02-2004,United States,240-660-9166,balbrooke6z@printfriendly.com
Florian Tuckie,04-11-1990,Finland,692-621-2826,ftuckie70@marketwatch.com
Adolpho Purveys,19-07-1996,Japan,137-904-9837,apurveys71@hexun.com
Gav Pippin,05-08-1998,Serbia,575-793-2194,gpippin72@surveymonkey.com
Catherina Malicki,11-05-2004,Indonesia,734-456-4150,cmalicki73@google.pl
Rance Traill,11-06-2001,Brazil,563-521-7455,rtraill74@unicef.org
Lolita Abbs,08-02-2002,Portugal,484-864-7383,labbs75@rediff.com
Winfield Brugger,07-09-1995,Georgia,635-690-8188,wbrugger76@fotki.com
Elly Trazzi,18-04-2014,Canada,484-244-8600,etrazzi77@huffingtonpost.com
Crysta Kobierski,11-03-1995,Guatemala,523-613-7176,ckobierski78@omniture.com
Pietra Ridett,14-11-2020,Canada,973-757-6955,pridett79@theguardian.com
Richy Ganter,25-07-1998,Sweden,429-927-4857,rganter7a@chronoengine.com
Caryl Bardnam,23-01-2000,Sweden,200-923-6305,cbardnam7b@devhub.com
Kameko Bulluck,10-10-1994,Afghanistan,904-545-0936,kbulluck7d@photobucket.com
Karyn Ather,30-07-1993,Jordan,110-169-8585,kather7e@nature.com
Hillie Jessup,15-04-1996,Japan,220-891-2026,hjessup7f@technorati.com
Kacy Tomsett,11-05-2008,Brazil,885-301-8615,ktomsett7g@amazon.com
Ardra Huie,06-07-2021,Bhutan,858-412-3456,ahuie7h@list-manage.com
Chan Freyn,13-02-2003,Honduras,308-345-5126,cfreyn7i@tripod.com
Clayborn Bentjens,08-01-2018,Uzbekistan,432-276-4674,cbentjens7k@nhs.uk
Sonni Gyves,07-06-2009,Cuba,561-522-0447,sgyves7l@java.com
Marybelle Kloska,23-10-2008,South Africa,104-745-2578,mkloska7m@wsj.com
Rand Petrillo,15-04-2017,Mozambique,559-670-0276,rpetrillo7n@ucla.edu
Irma Klesse,16-06-2008,Colombia,531-742-6506,iklesse7o@a8.net
Aldric Bromont,28-02-2006,Philippines,270-642-1006,abromont7q@blogger.com
Betty Craighall,15-07-1992,Portugal,250-326-7527,bcraighall7r@walmart.com
Ruggiero Twidell,17-09-1994,Ivory Coast,707-213-8127,rtwidell7s@weibo.com
Kalila Metzke,18-02-1997,Tanzania,988-184-9540,kmetzke7t@list-manage.com
Torrence Guillard,31-10-2009,United States,865-411-1598,tguillard7u@acquirethisname.com
Edgardo Guillou,18-12-2013,Laos,916-339-4665,eguillou7w@blinklist.com
Flinn Connerly,03-12-2019,Brazil,273-946-2623,fconnerly7x@unicef.org
Faber Salmond,30-03-2018,Burundi,482-102-6827,fsalmond7y@huffingtonpost.com
Ana Ruthven,22-10-1997,South Africa,383-582-0300,aruthven80@google.es
Maitilde Heustice,30-11-1999,Thailand,515-444-1747,mheustice81@hatena.ne.jp
Corine Bolletti,17-09-1994,Indonesia,829-523-9417,cbolletti82@jigsy.com
Xymenes Mamwell,22-03-2003,Sweden,239-416-0282,xmamwell84@intel.com
Libbi Kyttor,29-01-2011,Brazil,812-871-3590,lkyttor86@tripod.com
Meredith Staines,03-01-2017,Poland,180-399-6530,mstaines88@washingtonpost.com
Syd Saddler,29-01-2022,Greece,446-533-7492,ssaddler89@reddit.com
Kinny Reckhouse,09-06-2020,Mongolia,704-669-2945,kreckhouse8a@thetimes.co.uk
Francklin Barenskie,10-12-2003,Russia,602-555-8524,fbarenskie8c@fastcompany.com
Grata Bansal,07-01-2017,Aland Islands,128-564-6279,gbansal8d@ehow.com
Brooks Headington,29-04-1992,Indonesia,738-885-5371,bheadington8e@theatlantic.com
Sascha Cornfoot,13-11-2021,Brazil,427-351-0327,scornfoot8f@wp.com
Leonora Sibille,15-04-1990,Portugal,925-584-0848,lsibille8g@theatlantic.com
Carol-jean Pedder,21-04-2001,Sao Tome and Principe,116-532-9296,cpedder8h@youku.com
Otes Hammonds,21-03-2011,United States,318-309-4799,ohammonds8i@networkadvertising.org
Antonio Leachman,16-06-2012,Brazil,632-507-3533,aleachman8j@auda.org.au
Rea Saunder,02-03-2012,Russia,490-760-0450,rsaunder8l@usa.gov
Bertine Ridewood,23-08-2010,Indonesia,896-513-3684,bridewood8n@ameblo.jp
Fredia Pettiward,28-06-1998,Russia,805-550-6595,fpettiward8o@senate.gov
Ginger Schelle,26-02-1995,Russia,637-887-9454,gschelle8p@stumbleupon.com
Briana Bebbell,29-07-1996,Brazil,852-913-0273,bbebbell8q@squarespace.com
Emily Leonarde,15-04-2009,Indonesia,888-563-3997,eleonarde8r@globo.com
Hephzibah Littrell,25-11-1995,Colombia,906-529-9811,hlittrell8s@yandex.ru
Shirlee Tansley,18-07-2008,Indonesia,483-324-3344,stansley8t@1und1.de
Krissy Bockmann,16-11-2014,Kazakhstan,301-322-2753,kbockmann8u@bravesites.com
Ree Trattles,02-02-2019,Indonesia,317-819-2297,rtrattles8v@biglobe.ne.jp
Sibylla McRavey,20-01-2018,Hungary,370-479-7678,smcravey8w@hibu.com
Tandie Greneham,02-10-2007,Philippines,624-198-1226,tgreneham8x@cyberchimps.com
Elmira Penhale,29-11-1991,Zambia,843-894-8195,epenhale8y@bing.com
Ruthi Norssister,16-07-1996,Indonesia,343-610-1147,rnorssister8z@ucsd.edu
Franklin McDiarmid,20-08-2019,Belgium,734-164-9135,fmcdiarmid90@fotki.com
Chiquia Waith,22-09-2006,Argentina,295-381-9446,cwaith91@hud.gov
Griffin Cornford,09-10-1992,Indonesia,602-130-4416,gcornford92@opera.com
Pietrek Dedham,02-05-2002,Indonesia,544-243-5960,pdedham93@reverbnation.com
Kiah Meedendorpe,29-05-2017,Austria,456-275-1773,kmeedendorpe95@multiply.com
Caryl Hryncewicz,14-03-1994,Ukraine,801-713-2994,chryncewicz96@mit.edu
Sibylla Buckoke,17-11-2008,Czech Republic,216-838-8128,sbuckoke99@stanford.edu
Georgetta Iacomini,15-01-2019,Indonesia,245-932-9165,giacomini9b@spotify.com
Joy Bellany,18-04-2000,Portugal,396-344-2213,jbellany9c@nih.gov
Wildon Plewes,03-06-2013,Portugal,265-630-4578,wplewes9e@naver.com
Wrennie Bateman,31-07-2001,Brazil,844-971-8890,wbateman9f@tripadvisor.com
Bennie Godfrey,22-05-2013,Sweden,416-597-2857,bgodfrey9g@yahoo.com
Meggi Stoffel,06-09-2008,Philippines,212-965-0195,mstoffel9i@creativecommons.org
Web Nials,27-04-1998,Nepal,417-665-7238,wnials9j@seesaa.net
Karol Ellerby,09-02-1996,Sweden,181-262-5719,kellerby9k@salon.com
Joann Aspel,10-11-1991,Venezuela,797-327-1242,jaspel9m@imageshack.us
Alisa Gaither,28-02-2006,Argentina,821-958-8665,agaither9n@seesaa.net
Celestyn Strover,04-11-2011,Senegal,963-376-5442,cstrover9o@prnewswire.com
Murdock Aiston,12-11-2009,Indonesia,747-867-5659,maiston9p@sbwire.com
Ulla Rocks,20-12-2001,Armenia,235-514-6933,urocks9q@yale.edu
Rafaello Rouchy,27-02-1995,United States,325-868-4484,rrouchy9r@hhs.gov
Tonye Corley,13-10-2000,Afghanistan,819-558-3263,tcorley9s@europa.eu
Cathlene Caw,24-05-2005,Czech Republic,778-397-3520,ccaw9t@google.com
Corrie enzley,21-09-2019,Philippines,310-607-4261,cenzley9u@shareasale.com
Napoleon Lugton,19-07-2015,South Sudan,579-792-7004,nlugton9v@163.com
Essy Reisk,07-02-2008,Ukraine,936-117-6982,ereisk9w@dot.gov
Rey Flood,07-10-2011,Philippines,476-902-3534,rflood9x@ocn.ne.jp
Rheta Salvage,11-02-2010,South Korea,338-180-5071,rsalvage9z@uiuc.edu
Emmett Challice,21-09-2001,Greece,315-169-7168,echallicea0@storify.com
Dix Calderhead,12-07-2003,Australia,140-336-6471,dcalderheada1@acquirethisname.com
Vania Craythorn,02-08-2008,Thailand,151-650-6741,vcraythorna2@vistaprint.com
Myra Pirouet,05-04-2017,Philippines,517-317-8464,mpiroueta3@chicagotribune.com
Anatol Kinze,18-09-2016,Brazil,824-103-7095,akinzea4@virginia.edu
Isidore Bezants,19-08-2011,Thailand,329-528-5346,ibezantsa5@mapy.cz
Saree Bolletti,27-08-2012,Canada,904-400-5419,sbollettia6@i2i.jp
Salim Lelievre,02-04-2019,Russia,986-365-8030,slelievrea7@phoca.cz
Culley Malyon,10-01-2007,Norway,526-514-5137,cmalyona8@github.com
Baxie Licciardi,18-03-2021,Nigeria,397-674-1596,blicciardia9@arizona.edu
Any Comford,30-03-2011,Brazil,912-297-0025,acomfordab@reuters.com
Devonna Benedek,29-03-1996,Ukraine,985-384-8964,dbenedekac@msn.com
Burton Whorton,23-10-1996,Ukraine,762-161-2420,bwhortonad@ovh.net
Sig Wilshin,18-06-2020,Tanzania,150-608-1353,swilshinae@networksolutions.com
Rhoda Dawkins,16-07-2005,Slovenia,911-355-6577,rdawkinsaf@amazon.co.uk
Elie Missen,24-04-1997,Finland,501-541-8158,emissenah@nhs.uk
Emmi Widocks,24-12-1993,Poland,496-126-4866,ewidocksai@ft.com
Jana Jessett,25-11-2011,Colombia,651-939-3093,jjessettaj@amazon.co.uk
Jany Meaney,20-10-2002,Philippines,450-512-5682,jmeaneyam@themeforest.net
Mair Fernihough,04-02-1997,Indonesia,247-122-2857,mfernihoughan@multiply.com
Tove Bonehill,04-07-2000,Albania,531-851-8112,tbonehillao@hp.com
Hyacinthia Sturney,07-11-2016,Senegal,668-661-0697,hsturneyap@house.gov
Rowland Slad,28-09-2012,Ireland,146-101-4882,rsladaq@chicagotribune.com
Alonzo Persent,29-08-1994,Russia,961-818-1431,apersentar@hibu.com
Linc Godridge,18-10-2009,United States,406-962-4087,lgodridgeas@hc360.com
Rabbi Cammocke,23-04-2015,Thailand,773-564-1703,rcammockeat@imgur.com
Payton Hedan,28-03-2008,Kazakhstan,722-798-5478,phedanav@dailymotion.com
Giorgia Baldry,07-05-2005,Malaysia,710-170-8786,gbaldryaw@ucsd.edu
Connie Mattacks,09-09-2007,Colombia,428-887-7459,cmattacksax@google.ca
Vi Galbraeth,30-01-1996,Poland,386-498-4742,vgalbraethaz@ustream.tv
Clementia Barwick,12-05-2016,Argentina,641-360-4646,cbarwickb0@issuu.com
Adore Gartell,10-09-1994,Indonesia,266-789-0641,agartellb1@boston.com
Pippa Cousin,16-11-2006,Pakistan,783-807-4287,pcousinb3@miitbeian.gov.cn
Marin Pauer,08-04-1991,Tanzania,436-231-5658,mpauerb4@plala.or.jp
Gabi Downse,24-02-2012,Portugal,868-386-0089,gdownseb5@patch.com
Chad Freer,25-04-1998,Philippines,908-655-4059,cfreerb6@ed.gov
Kelsi Smalecombe,25-11-1998,Indonesia,267-244-8745,ksmalecombeb7@so-net.ne.jp
Octavia Oag,18-06-2008,Philippines,115-977-0042,ooagb9@seesaa.net
Efrem Hawtrey,06-09-2012,Indonesia,157-983-6431,ehawtreyba@java.com
Rod MacCombe,02-02-2010,Peru,558-905-8163,rmaccombebb@spiegel.de
Neilla Snalum,09-02-1998,Tajikistan,521-870-5496,nsnalumbc@msu.edu
Justis Stanistreet,19-07-1994,Brazil,982-226-8716,jstanistreetbd@tripadvisor.com
Krishnah Allibon,11-06-2002,Indonesia,739-129-5719,kallibonbe@un.org
Nata Ruspine,17-01-2014,Brazil,377-802-7642,nruspinebf@miibeian.gov.cn
Antoinette Pharro,07-02-1991,Russia,428-141-4223,apharrobg@admin.ch
Karilynn Vousden,28-02-1993,Cameroon,786-570-7127,kvousdenbh@wikia.com
Thaxter Sisnett,01-12-2016,United States,775-840-7859,tsisnettbi@hp.com
Bibbie Few,24-06-1995,Armenia,525-753-6127,bfewbj@comsenz.com
Dulcia McIlheran,26-10-2021,Burkina Faso,472-980-8295,dmcilheranbl@netscape.com
Goddard Cuttell,17-09-2014,Sweden,223-216-5429,gcuttellbn@engadget.com
Jackelyn Vondruska,07-01-1998,Indonesia,138-458-6249,jvondruskabo@furl.net
Eugenio Aymeric,01-05-2004,Brazil,412-133-3064,eaymericbr@sourceforge.net
Doralynn Yushin,16-10-2006,Poland,544-783-5127,dyushinbs@youku.com
Ole Caesman,19-05-1998,Peru,674-295-1248,ocaesmanbt@ftc.gov
Rina Vawton,17-12-1998,Indonesia,182-942-4676,rvawtonbu@bandcamp.com
Eleanor Askie,03-01-2006,Ukraine,940-283-9063,easkiebv@chron.com
Abigael Hoodless,25-09-1993,Canada,307-759-3629,ahoodlessby@spiegel.de
Jourdan Liddle,18-04-2004,Japan,277-848-2881,jliddlebz@adobe.com
Percival Cello,26-11-2017,Argentina,776-903-3217,pcelloc1@oaic.gov.au
Clarissa Stansbie,03-07-2010,Thailand,107-486-8131,cstansbiec2@nih.gov
Winfield Licence,07-11-2000,Brazil,396-311-9634,wlicencec4@ask.com
Natale Rodway,24-02-2014,Philippines,197-923-7297,nrodwayc6@statcounter.com
Eberhard Brough,22-02-1998,Indonesia,985-752-6706,ebroughc8@creativecommons.org
Jakob Hanscomb,16-07-2007,Tanzania,115-648-0123,jhanscombc9@bloglines.com
Job Adrien,03-01-1998,Sweden,891-882-0223,jadriencc@seattletimes.com
Peder Allenson,04-10-2014,Marshall Islands,613-766-9887,pallensoncd@unicef.org
Orella Housego,30-10-2001,Russia,291-326-1469,ohousegoce@salon.com
Ethan McKeeman,03-10-2003,Poland,932-691-8780,emckeemancf@merriam-webster.com
Domeniga Mancell,08-03-1991,Czech Republic,697-722-1275,dmancellcg@accuweather.com
Padgett Brudenell,14-12-2009,Iceland,147-994-2763,pbrudenellch@reddit.com
Dedra Bickardike,29-10-2015,Dominican Republic,591-626-5988,dbickardikeci@wikimedia.org
Florinda Denacamp,20-01-2010,United States,913-664-5808,fdenacampcj@hibu.com
Mal Ousbie,26-09-2016,Brazil,859-712-0612,mousbieck@reverbnation.com
Julina Troughton,12-02-2013,Zimbabwe,936-532-3141,jtroughtoncl@yandex.ru
Donall Campo,06-10-1999,Lithuania,634-443-7245,dcampocm@netscape.com
Sophronia Mallinson,15-03-2016,Italy,206-823-4377,smallinsoncn@netscape.com
Shirline Bramley,28-12-2013,Russia,483-195-0292,sbramleycp@mozilla.org
Ruthanne Pleven,17-08-1998,Philippines,746-727-5629,rplevencr@tripod.com
Codi Varley,01-06-2007,Thailand,792-830-4589,cvarleyct@independent.co.uk
Elinore Bavage,14-11-1998,Czech Republic,314-185-7063,ebavagecu@pbs.org
Clo Naismith,29-07-2014,Ukraine,474-403-1185,cnaismithcv@jalbum.net
Gherardo Gatecliff,21-12-2007,Poland,690-838-2168,ggatecliffcw@blogspot.com
Dermot Adamowitz,07-03-2022,Indonesia,723-338-1914,dadamowitzcx@amazon.com
Monroe Stit,29-04-2012,Nepal,375-609-7386,mstitcy@cargocollective.com
Kimbra Figurski,09-07-1990,Indonesia,171-514-0140,kfigurskicz@google.fr
Niven Annes,04-05-1999,Israel,498-983-9653,nannesd0@sciencedaily.com
Alfy Gissing,19-03-2005,Indonesia,429-862-7332,agissingd1@xrea.com
Llywellyn Melia,20-01-1996,Philippines,939-712-7725,lmeliad2@nhs.uk
Maure Shankland,04-01-2014,Indonesia,622-867-2558,mshanklandd3@acquirethisname.com
Rikki Sainthill,07-08-2014,Indonesia,625-545-2291,rsainthilld4@zdnet.com
Faustine Mattingly,15-06-2015,Serbia,878-533-5156,fmattinglyd5@dmoz.org
Daisie Hullot,17-06-1992,Iceland,487-253-2828,dhullotd6@photobucket.com
Adrien O'Keefe,03-07-1990,Thailand,577-121-2868,aokeefed7@blogspot.com
Janna MacNockater,27-04-2001,Indonesia,262-207-6924,jmacnockaterd8@tiny.cc
Jodi Trowel,04-01-2001,Indonesia,573-427-7082,jtrowelda@ucoz.com
Barclay Branca,26-09-2010,Brazil,592-389-3331,bbrancadb@bing.com
Horatio McEvay,01-03-2020,Venezuela,504-443-4110,hmcevaydc@telegraph.co.uk
Rosanna O'Gormally,19-05-2017,Brazil,550-761-3765,rogormallydd@google.com.br
Wenonah Pree,25-05-2014,Portugal,450-532-9334,wpreede@economist.com
Grange Gate,01-09-2016,Russia,787-403-6496,ggatedf@vimeo.com
Pace Ragot,01-12-2017,Canada,737-461-2480,pragotdg@unesco.org
Merridie Chessell,05-08-2014,Madagascar,413-792-2510,mchesselldh@webmd.com
Conchita Espinho,10-12-2013,Indonesia,248-789-9370,cespinhodi@phoca.cz
Dareen Winn,02-02-1993,Malaysia,521-845-9630,dwinndk@youtu.be
Chic Echalie,29-05-2017,Luxembourg,464-418-8850,cechaliedl@com.com
Pamelina Talks,09-02-2002,Indonesia,742-409-3799,ptalksdm@google.ca
Vladimir Bremen,17-06-2005,Cyprus,581-102-8326,vbremendn@intel.com
Moore Keemer,21-03-2019,Colombia,684-271-1436,mkeemerdo@squidoo.com
Chrissie Scawton,12-07-2003,Colombia,995-475-9250,cscawtondr@yellowpages.com
Beverley Neesham,02-01-1996,Madagascar,764-506-7280,bneeshamds@timesonline.co.uk
Verge Buxsey,27-03-2013,Indonesia,744-429-0065,vbuxseydt@oakley.com
Edd Bartalin,03-05-2008,Burkina Faso,217-758-1301,ebartalindu@nature.com
Alessandra Withey,02-05-2014,Uganda,952-718-3758,awitheydv@amazon.co.jp
Tally Ruse,14-07-2015,Armenia,970-304-3791,trusedw@toplist.cz
Esme Fliege,16-10-2019,New Zealand,267-254-8772,efliegedx@unicef.org
Vallie Tassaker,17-08-2019,Brazil,814-552-1543,vtassakerdy@admin.ch
Hestia Casine,25-10-1999,Costa Rica,568-513-7192,hcasinee0@aboutads.info
Lisle Olliar,22-12-2013,United States,573-613-4047,lolliare3@disqus.com
Hiram Reen,31-07-2007,Russia,370-498-4530,hreene4@japanpost.jp
Brnaba Chazerand,12-02-2000,Serbia,434-668-3764,bchazerande5@indiegogo.com
Marylou Aneley,02-06-2015,Indonesia,338-410-1750,maneleye7@nhs.uk
Beverlie Achrameev,18-04-2002,Serbia,258-965-5323,bachrameeve8@boston.com
Hansiain Danielsson,26-11-1995,Philippines,779-550-6462,hdanielssone9@ustream.tv
Emerson Orrin,27-02-2017,Brazil,403-601-7090,eorrinea@wikispaces.com
Aura Danilovitch,21-08-1990,Vietnam,406-584-4030,adanilovitcheb@nbcnews.com
Maggi Chippendale,20-01-2020,Russia,761-951-4799,mchippendaleed@illinois.edu
Butch Rubenfeld,14-12-1996,Indonesia,455-327-4853,brubenfeldee@163.com
Tobey Desborough,18-10-1994,Canada,985-312-8615,tdesboroughef@skype.com
Shaine Svanini,08-04-2002,Philippines,669-543-0301,ssvaninieg@mapy.cz
Samuel Cescot,13-05-2016,Russia,558-639-1294,scescoteh@t.co
Jethro Wildish,29-07-1998,Bosnia and Herzegovina,658-718-1277,jwildishei@purevolume.com
Brianne Ellerman,17-10-2017,Czech Republic,871-260-2344,bellermanej@ameblo.jp
Judd Frackiewicz,12-08-1999,Russia,346-188-5436,jfrackiewiczel@toplist.cz
Monte Stuckley,01-11-1995,Nigeria,492-231-1545,mstuckleyem@networkadvertising.org
Sean Roskrug,10-04-2007,Vietnam,153-450-6629,sroskrugen@nhs.uk
Jacki Loyns,17-07-2012,Russia,923-562-5825,jloynseo@people.com.cn
Van Bau,12-04-2003,Indonesia,946-328-6164,vbauep@si.edu
Salvidor Schubuser,31-03-2020,Finland,998-370-4834,sschubusereq@hibu.com
Mohandas Collis,05-12-2007,United States,513-929-5651,mcollises@pbs.org
Dallas Ateggart,18-12-2010,Kyrgyzstan,959-943-6642,dateggartet@umn.edu
Conrad Muscott,19-04-2001,North Korea,732-147-6235,cmuscotteu@cornell.edu
Amitie Woodworth,03-08-2004,Argentina,257-815-7988,awoodworthev@hhs.gov
Pandora Guilloton,16-05-2018,Luxembourg,684-537-8714,pguillotonew@prlog.org
Roland Rubinshtein,08-03-2001,Indonesia,522-436-6687,rrubinshteinf0@de.vu
Tabbatha Sirrell,29-12-2014,Indonesia,542-359-9264,tsirrellf1@unblog.fr
Rory Orton,21-05-2021,Brazil,308-916-7351,rortonf2@smugmug.com
Veda Kennington,15-01-1991,Peru,480-823-9694,vkenningtonf3@ycombinator.com
Brantley Doige,25-06-2018,Serbia,526-233-8245,bdoigef4@devhub.com
Timmie Cheasman,25-05-1990,Malta,989-252-4107,tcheasmanf5@opera.com
Yuri Mandifield,04-11-2016,Poland,368-395-6913,ymandifieldf6@github.io
Bailie Eastmond,02-06-2019,Greece,550-274-7810,beastmondf7@amazon.co.uk
Maurie Ciccetti,13-10-2004,United States,901-826-5444,mciccettif8@washington.edu
Felipa Barker,18-12-2003,Spain,257-163-0999,fbarkerf9@ask.com
Marnia Simonini,05-05-2019,Latvia,584-916-4588,msimoninifa@seesaa.net
Quinton Lawrenceson,16-10-2020,Slovenia,171-486-6649,qlawrencesonfb@networkadvertising.org
Isak Bywaters,09-05-1990,Indonesia,741-213-7007,ibywatersfc@over-blog.com
Therine Housegoe,12-01-2004,Kazakhstan,746-269-8350,thousegoefe@sogou.com
Carlin Smallsman,16-07-1991,Russia,259-970-7267,csmallsmanff@tumblr.com
Thacher Uglow,25-12-2020,Reunion,292-644-0870,tuglowfg@jalbum.net
Skylar Reinisch,26-12-1991,Indonesia,745-153-7625,sreinischfh@typepad.com
Dagny Cardon,28-08-1995,Japan,692-308-3269,dcardonfk@ed.gov
Gweneth Labbez,14-10-1990,Indonesia,282-505-8235,glabbezfl@list-manage.com
Khalil Keneforde,10-12-2009,Russia,626-301-8549,kkenefordefm@yahoo.co.jp
Hillier Cella,04-07-2009,Mexico,637-975-1164,hcellafn@google.pl
Alexia Darcy,29-08-1994,Bulgaria,649-553-5476,adarcyfr@nba.com
Aeriela Randles,26-09-2000,Japan,233-711-4341,arandlesft@about.com
Keene Boon,09-10-1994,Slovakia,848-602-0871,kboonfv@theglobeandmail.com
Brooke Matzke,19-08-2019,Cameroon,339-247-4417,bmatzkefx@csmonitor.com
Julie Royste,13-09-2013,Russia,225-484-7291,jroystefy@ihg.com
Tasha Saffin,22-04-2013,Indonesia,441-142-2506,tsaffing1@smh.com.au
Brynna Diben,24-11-2019,Russia,419-742-9981,bdibeng2@economist.com
Ernaline Comolli,31-08-2004,Philippines,313-798-0186,ecomollig3@ft.com
Ray Pascall,03-12-2000,Russia,898-742-7439,rpascallg4@storify.com
Shandy Le Barr,20-10-2001,Armenia,447-992-6121,slebarrg5@microsoft.com
Rosana Spadaro,15-05-2002,Serbia,755-292-4752,rspadarog6@pen.io
Devondra Rosenthal,07-03-2020,Indonesia,771-446-5623,drosenthalg8@hc360.com
Seth Kliemchen,03-03-2007,Indonesia,382-977-5006,skliemchenga@adobe.com
Aubry Eim,30-07-2018,Greece,564-446-5120,aeimgb@tripod.com
Lombard Streets,11-09-2019,Portugal,601-286-0094,lstreetsgd@ovh.net
Maggee Hunnaball,11-11-2021,Ukraine,267-107-9844,mhunnaballgf@dion.ne.jp
Jonis Trowell,30-11-1997,Colombia,459-686-0039,jtrowellgg@a8.net
Kaycee Krook,11-01-2007,Mauritius,156-917-5206,kkrookgi@miibeian.gov.cn
Ulberto Gwin,31-05-2008,Colombia,683-934-6514,ugwingj@bravesites.com
Trumaine Franzotto,29-12-2008,Sweden,125-879-0616,tfranzottogk@homestead.com
Winnifred Raspel,23-04-2013,Palestinian Territory,821-158-0450,wraspelgl@berkeley.edu
Ladonna Agglio,26-02-1998,Ukraine,199-976-0998,laggliogm@cafepress.com
Jonie Greally,06-07-2018,Albania,726-318-9095,jgreallygn@creativecommons.org
Pooh Jori,26-10-1993,Tunisia,226-174-4517,pjorigo@unesco.org
Meier Morgan,08-09-2021,Indonesia,962-846-5628,mmorgangp@state.tx.us
Cherise Roback,26-04-1996,Indonesia,443-839-2523,crobackgq@clickbank.net
Eolande Tommis,16-02-2006,Brazil,755-927-6832,etommisgs@weibo.com
Wittie Handrek,24-07-1997,Peru,950-429-6684,whandrekgt@usatoday.com
Foster Ranklin,11-05-2006,Colombia,131-678-7379,franklingx@dailymail.co.uk
Lombard Kebbell,14-04-1997,Lebanon,925-263-5740,lkebbellgy@blogtalkradio.com
Damaris Saiger,16-09-2019,Indonesia,376-282-8072,dsaigergz@meetup.com
Rufe Bilbery,11-04-2014,Poland,962-709-8888,rbilberyh0@nymag.com
Cosme Alan,28-06-2018,Portugal,537-904-9112,calanh1@opensource.org
Armstrong Buckenhill,26-05-2003,Poland,264-606-1400,abuckenhillh2@utexas.edu
Christi Warsap,08-10-2003,Indonesia,722-648-3683,cwarsaph3@netscape.com
Georgianne Halladay,23-05-2016,Czech Republic,822-923-9988,ghalladayh5@shareasale.com
Averell Sutherington,24-01-1997,Indonesia,855-163-0073,asutheringtonh6@intel.com
Carlene Ruddy,05-05-2016,Norway,798-553-0339,cruddyh7@jugem.jp
Yuri Lodevick,16-07-2020,Turkmenistan,314-111-9106,ylodevickh8@spiegel.de
Prentice Streeter,08-12-2010,Portugal,974-997-1346,pstreeterha@cisco.com
Wylma Farman,29-12-2002,Japan,820-786-7209,wfarmanhc@independent.co.uk
Brandea Lacoste,17-08-2005,Austria,486-316-1576,blacostehd@nsw.gov.au
Tanya Broadbere,03-01-2020,Ivory Coast,325-229-9048,tbroadberehe@rakuten.co.jp
Stavro Donaldson,20-10-2019,Palestinian Territory,903-981-6240,sdonaldsonhf@cargocollective.com
Peirce Frankum,14-07-2018,Greece,582-646-1409,pfrankumhg@mlb.com
Elia Newdick,10-12-1994,Indonesia,708-988-1811,enewdickhk@dmoz.org
Waite McFadden,10-11-2008,Philippines,948-360-2731,wmcfaddenhl@mysql.com
Ira Lewsley,15-04-2009,Ukraine,510-841-2632,ilewsleyhn@furl.net
Aleda Rive,04-12-2019,Indonesia,401-560-3625,ariveho@noaa.gov
Chrissy Molesworth,24-03-2014,Indonesia,400-278-4353,cmolesworthhp@storify.com
Tasia Eckery,14-02-2001,Portugal,864-704-9054,teckeryhq@vistaprint.com
Lombard Jelphs,20-08-2016,Indonesia,147-623-4460,ljelphsht@amazon.de
Mohandis Westover,21-09-1996,Russia,492-142-8917,mwestoverhu@adobe.com
Winny Meenehan,09-02-2021,Ukraine,502-930-2686,wmeenehanhv@weather.com
Yasmeen Bartel,26-08-1994,Portugal,549-110-4425,ybartelhw@dell.com
Alvin Farries,01-10-2007,Russia,237-314-5811,afarrieshy@japanpost.jp
Silvia Mazzilli,25-10-2005,Russia,291-200-6403,smazzillihz@reuters.com
Arabelle Dury,02-03-2013,Thailand,756-759-9449,aduryi0@ehow.com
Babara Headly,02-03-1995,Macedonia,665-553-0965,bheadlyi1@techcrunch.com
Ashli Keaveney,19-12-2005,Finland,456-527-2114,akeaveneyi2@php.net
Lenci Murdy,30-05-1997,Brazil,941-723-5498,lmurdyi3@hc360.com
Peggy Bosnell,08-08-2017,Brazil,181-804-1326,pbosnelli6@cbc.ca
Lorianne McNirlan,07-10-1998,Macedonia,306-195-3839,lmcnirlani7@accuweather.com
Louis Burnyeat,08-04-1997,Czech Republic,243-157-1006,lburnyeati8@wufoo.com
Hort Banke,06-04-2022,Philippines,252-247-6730,hbankei9@shutterfly.com
Rochelle Creeboe,10-06-1992,United States,432-697-6300,rcreeboeic@paypal.com
Philbert Pickering,01-05-2011,Mexico,115-745-2106,ppickeringid@tripadvisor.com
Hale Winskill,05-08-1993,Philippines,296-703-2647,hwinskillig@archive.org
Birgitta Tournie,10-12-2001,Venezuela,405-424-0132,btournieii@webnode.com
Harper Baxstare,24-04-2021,Japan,806-915-6806,hbaxstareij@spiegel.de
Deedee Biggins,07-06-1998,Indonesia,192-453-6602,dbigginsik@msn.com
Wallas Spurdens,01-11-2017,Poland,875-487-3733,wspurdensil@reuters.com
Myrlene Cogley,23-07-1992,Bhutan,770-220-7867,mcogleyim@ucoz.ru
Carlyn Geroldini,20-10-2001,Ukraine,441-485-1908,cgeroldiniin@hibu.com
Amargo Cheatle,02-10-2009,Costa Rica,646-545-7456,acheatleio@printfriendly.com
Chandra Hawney,09-12-2021,Sweden,177-862-5218,chawneyip@bbb.org
Jens Mannock,29-03-2017,Russia,447-679-2676,jmannockiq@mit.edu
Ennis Staneland,24-11-1990,Brazil,851-844-1062,estanelandir@bloglovin.com
Shani Astley,16-03-2014,Brazil,380-676-2462,sastleyis@jiathis.com
Trish Pinfold,01-05-1991,Bosnia and Herzegovina,858-288-5331,tpinfoldit@wisc.edu
Susannah Strangwood,09-06-2007,Ireland,953-788-4756,sstrangwoodiu@naver.com
Justino McKeney,31-07-1999,Sweden,278-928-7869,jmckeneyiv@bbb.org
Milton Egan,15-03-1997,Brazil,560-424-8529,meganiw@seesaa.net
Katrine Troop,10-09-2004,Cuba,636-453-4516,ktroopix@ca.gov
Emelen Fanner,03-01-2022,Russia,916-307-0245,efannerj1@sitemeter.com
Christel Franey,21-10-2014,Japan,781-123-1504,cfraneyj2@unc.edu
Elaine Collymore,17-07-2013,Brazil,332-728-3297,ecollymorej3@ca.gov
Ella Fitchett,19-04-1998,Brazil,962-725-5626,efitchettj4@github.io
Lyda Bessey,22-01-2011,Thailand,143-926-1592,lbesseyj5@w3.org
Selena Merrington,11-11-2017,Netherlands,925-199-6226,smerringtonj7@dot.gov
Gaspar Garton,29-06-2003,Slovenia,996-534-6393,ggartonj8@blogspot.com
Kandace Shalloe,26-02-2015,Russia,774-496-2145,kshalloej9@bbb.org
Vanda Peartree,03-06-1992,Ukraine,645-828-1434,vpeartreeja@pagesperso-orange.fr
Carmelle Bawdon,20-01-2012,Indonesia,834-331-6944,cbawdonjb@soup.io
Raviv Liverseege,26-04-2016,Czech Republic,949-272-9885,rliverseegejc@tamu.edu
Paton Medlin,07-11-2011,Georgia,829-853-0295,pmedlinjd@goodreads.com
Janet Tomasello,18-05-1997,Brazil,485-525-1186,jtomaselloje@indiegogo.com
Jaimie Waggatt,18-07-2012,Argentina,222-403-8136,jwaggattjf@clickbank.net
Yevette Skeats,19-02-2002,Sweden,342-425-5826,yskeatsjg@sakura.ne.jp
Abbey Huggard,29-01-1996,Indonesia,755-576-2760,ahuggardjh@stanford.edu
Bartlett Mawman,15-07-1995,Canada,251-106-7965,bmawmanji@blogtalkradio.com
Amelita Nyland,22-05-2010,Philippines,906-527-1741,anylandjj@ifeng.com
Gil Bazeley,08-04-2008,Taiwan,310-907-6428,gbazeleyjl@auda.org.au
Margette Harly,01-07-2010,Nicaragua,396-125-3135,mharlyjm@typepad.com
Shandeigh Strelitzer,03-07-2020,Indonesia,529-467-0486,sstrelitzerjn@people.com.cn
Paco Webburn,23-08-1990,Philippines,360-157-9788,pwebburnjo@sciencedaily.com
Haroun Millier,21-05-1990,Russia,751-555-5031,hmillierjq@mail.ru
Fancy Soall,10-09-2004,Cameroon,414-173-2880,fsoalljt@tamu.edu
Win Wraight,17-08-2006,Ukraine,188-998-1888,wwraightjv@intel.com
Clerissa McGilbon,25-03-2021,Liberia,409-324-7481,cmcgilbonjw@virginia.edu
Francesca Jacobson,15-08-1995,Indonesia,651-231-5497,fjacobsonjx@irs.gov
Shaylah Trammel,11-07-1992,United States,502-383-3657,strammeljy@chron.com
Linnea Batalini,04-08-2000,Georgia,176-996-9185,lbatalinijz@mapquest.com
Olivier Doyland,08-02-2002,Poland,737-819-0719,odoylandk1@homestead.com
Adore Spratt,07-10-1991,United States,915-400-2965,asprattk2@time.com
Aurea Wodeland,03-07-2015,Philippines,606-572-0196,awodelandk3@who.int
Derril Pattlel,11-12-2018,Bolivia,309-589-0819,dpattlelk4@craigslist.org
Suzy Herreran,16-10-1994,Brazil,626-135-4804,sherrerank5@guardian.co.uk
Alisander Laffling,07-02-1991,Canada,140-394-6357,alafflingk6@techcrunch.com
Matthias Cissen,11-12-2006,Finland,950-798-6485,mcissenk7@google.it
Skylar Wibrew,24-04-2001,Vietnam,227-274-2848,swibrewk8@examiner.com
Jermaine Birney,23-09-1994,United Kingdom,985-507-8905,jbirneyk9@tripadvisor.com
Aleece Boskell,16-01-1993,Sri Lanka,523-754-6651,aboskellka@mapquest.com
Deck Anthon,28-07-2008,Philippines,299-909-5831,danthonkc@hao123.com
Antonino Caselick,23-06-1998,Portugal,560-338-4702,acaselickkg@europa.eu
Maryrose MacTrustrie,29-07-1997,Philippines,506-408-3731,mmactrustriekh@imageshack.us
Dalt Neno,12-11-2006,Brazil,484-631-5628,dnenoki@nps.gov
Duke Mordecai,05-02-2002,Argentina,826-215-0608,dmordecaikj@devhub.com
Cheslie Gunnell,20-07-1990,Philippines,435-386-6434,cgunnellkk@sciencedaily.com
Leupold Bouzek,26-05-2005,Russia,334-770-9204,lbouzekkl@amazon.de
Dela Rudram,01-04-2014,Ghana,301-239-7383,drudramkm@tinypic.com
Aggy Cobley,20-03-2014,Portugal,896-427-5316,acobleykn@technorati.com
Thomasin Burgott,29-08-2003,Canada,511-479-0092,tburgottkq@facebook.com
Russell Baud,05-11-1992,Sweden,200-155-4684,rbaudkr@tripadvisor.com
Dame Lippett,14-11-2012,Russia,323-433-4615,dlippettks@harvard.edu
Lorry Eton,19-01-2004,Honduras,611-429-1742,letonkt@mac.com
Dory Percy,29-12-2012,Tunisia,312-483-6291,dpercykw@bluehost.com
Kore Santry,15-02-2015,Portugal,770-293-6321,ksantrykx@dell.com
Gunner Shayes,29-01-2007,Portugal,493-202-2840,gshayesl0@acquirethisname.com
Juliet De Zamudio,08-07-1999,Uzbekistan,460-655-4417,jdezamudiol1@chron.com
Elsi Philpotts,01-07-2016,Panama,723-696-5947,ephilpottsl2@comsenz.com
Homerus Zaple,06-07-2000,Brazil,663-457-5695,hzaplel3@utexas.edu
Crichton Rigglesford,16-01-1993,Israel,234-503-3315,crigglesfordl4@diigo.com
Langsdon Crocker,09-01-1997,Luxembourg,946-251-9173,lcrockerl5@infoseek.co.jp
Con Duberry,12-11-1997,Indonesia,234-983-1855,cduberryl6@cbc.ca
Tymothy Donn,25-07-1994,Argentina,585-899-9840,tdonnl7@kickstarter.com
Farrand Bleakley,15-01-1993,Guatemala,423-540-3032,fbleakleyl8@telegraph.co.uk
Madelin Guly,25-05-2013,Portugal,204-278-9400,mgulylb@trellian.com
Merrilee Hilling,31-05-2004,Indonesia,972-888-3138,mhillinglc@pagesperso-orange.fr
Phyllida Frostdicke,26-03-2000,Ukraine,216-209-6437,pfrostdickeld@ucoz.com
Ninette Fayne,04-03-1996,Indonesia,968-810-0070,nfaynelf@time.com
Meir Simants,18-05-2012,Philippines,235-571-8608,msimantslg@mediafire.com
Paola Dalgarno,30-11-2006,Venezuela,750-744-0533,pdalgarnolk@xrea.com
Joby Bagniuk,14-07-2002,United States,831-593-4853,jbagniukll@unc.edu
Francklyn Huttley,25-06-2004,United States,570-232-1012,fhuttleylm@artisteer.com
Alecia Simonnot,19-04-2013,Macedonia,487-962-2565,asimonnotln@digg.com
Michaeline Caldera,28-10-2017,Croatia,353-929-6404,mcalderalo@51.la
Zach Bettesworth,08-01-2014,Portugal,652-226-9930,zbettesworthlq@digg.com
Sibley Gillard,08-06-2013,Mali,121-633-1851,sgillardlr@clickbank.net
Reggis Shale,20-04-2003,Poland,550-750-9028,rshalels@ifeng.com
Lisle Ewell,11-01-1998,Sweden,615-160-6244,lewelllt@wix.com
Kirstyn Whitmell,16-04-1998,Canada,825-234-4787,kwhitmelllu@amazonaws.com
Davis Bennit,24-04-2009,Albania,824-547-6720,dbennitlv@woothemes.com
Grayce Zoellner,04-04-2019,Sweden,730-955-3950,gzoellnerlw@pen.io
Dee dee Burney,18-12-2017,Portugal,492-197-7345,dburneylx@howstuffworks.com
Bonny Mackley,05-06-1994,Japan,985-159-2997,bmackleyly@surveymonkey.com
Harley Verbeke,17-11-2004,Malaysia,733-468-3569,hverbekelz@livejournal.com
Melisandra Sapshed,25-11-2018,Dominican Republic,901-737-4044,msapshedm0@ed.gov
Berti Fragino,22-03-1995,Malaysia,959-649-1945,bfraginom1@toplist.cz
Tynan Winsbury,27-12-2017,Jordan,162-807-3355,twinsburym2@zimbio.com
Maryrose Rounding,27-01-2019,Poland,479-852-3934,mroundingm4@lulu.com
Paula Renner,13-12-2006,Belarus,563-255-7226,prennerm5@scribd.com
Celia Matchett,20-06-1999,United States,402-498-3239,cmatchettm6@usda.gov
Leslie Ludovico,04-04-2018,Portugal,907-641-5565,lludovicom7@topsy.com
Mervin Cossentine,19-12-1998,Mexico,559-246-2275,mcossentinem9@yahoo.com
Cyndy Cogzell,21-10-2003,Sweden,428-538-6783,ccogzellma@multiply.com
Murdoch Harmstone,14-01-2014,Greece,405-477-8248,mharmstonemd@godaddy.com
Rasla Clement,11-02-2022,Russia,119-411-6681,rclementme@newsvine.com
Bartholomew Bruyett,28-06-2013,Netherlands,998-525-2117,bbruyettmf@wix.com
Guinna Ulyat,04-08-1994,French Polynesia,190-549-5448,gulyatmh@surveymonkey.com
Mildrid Dallan,20-07-2018,Japan,661-909-8280,mdallanmi@mapy.cz
Thomasa Parkin,14-04-2014,Botswana,567-497-2766,tparkinmj@paginegialle.it
Ernaline Vegas,09-03-1998,Japan,518-776-6374,evegasmk@baidu.com
Thaddeus Sapsforde,09-08-2006,Japan,868-209-6457,tsapsfordeml@va.gov
Graehme Shalliker,07-04-2010,Poland,482-618-6170,gshallikermm@sourceforge.net
Giles Carmont,07-12-2011,Philippines,950-190-6848,gcarmontmp@webeden.co.uk
Friedrich Charte,05-02-1999,Philippines,373-511-2804,fchartemq@imageshack.us
Shelley Blowen,18-06-2021,Spain,311-897-9300,sblowenmr@dyndns.org
Lindsay Sinton,13-08-2010,Portugal,728-845-6456,lsintonms@amazon.com
Sarene Costanza,16-01-1999,Latvia,680-461-5209,scostanzamt@google.com.au
Adan Kix,05-12-2007,Canada,249-616-5522,akixmu@sohu.com
Myriam Jewess,19-03-2002,Brazil,318-808-8794,mjewessmw@wordpress.com
Orson Skinn,20-06-2020,Philippines,163-977-0728,oskinnmx@wikipedia.org
Osbourn Macci,29-03-2011,Japan,172-406-2119,omaccimy@360.cn
Maurise O'Towey,12-05-2011,Tanzania,704-508-3980,motoweyn0@jimdo.com
Hester Heindrick,08-03-1998,Argentina,889-119-0473,hheindrickn1@canalblog.com
Lela Abrahamian,04-07-2000,Japan,610-549-7777,labrahamiann2@xinhuanet.com
Lanie Allwright,26-10-2018,Moldova,399-993-5211,lallwrightn3@businessinsider.com
Shem Tomik,29-10-1993,Indonesia,716-383-1405,stomikn4@liveinternet.ru
Natasha Marcroft,07-12-2016,Argentina,381-232-3958,nmarcroftn5@barnesandnoble.com
Saba Freegard,26-06-2000,Croatia,549-755-4607,sfreegardn7@homestead.com
Calida Riepl,09-11-1993,Ghana,928-320-6933,criepln8@barnesandnoble.com
Delly Ching,24-07-2012,Belarus,338-395-6681,dchingn9@desdev.cn
Mariel Dominetti,06-08-2008,Afghanistan,914-761-7641,mdominettina@alibaba.com
Ingamar MacAlpyne,03-10-2004,Ireland,259-806-7675,imacalpynenb@1und1.de
Antons Coate,20-10-1996,Greece,379-937-5344,acoatenc@utexas.edu
Berti Kleimt,10-04-1999,Kosovo,319-167-0857,bkleimtne@google.cn
Coop Gabites,20-08-2011,Japan,103-492-5311,cgabitesnf@icio.us
Caren Plevey,12-09-2010,Brazil,184-176-5061,cpleveyng@biglobe.ne.jp
Cecilla Ianitti,04-11-2020,Spain,786-778-5648,cianittinh@senate.gov
Drusi Muckart,23-05-1992,Greenland,428-118-8579,dmuckartnj@tinyurl.com
Trstram Boshard,31-03-2015,Malta,473-689-0770,tboshardnk@51.la
Jemmy Shadfourth,29-01-2001,Ethiopia,132-929-4356,jshadfourthnm@census.gov
Starlin Seide,06-08-2011,Indonesia,431-356-6374,sseidenn@histats.com
Oates Lille,17-11-1995,Vietnam,843-396-9749,olillenp@1688.com
Ali Goudge,22-02-2011,Sweden,998-320-6349,agoudgenq@weather.com
Cinda Kenright,02-07-2001,Brazil,356-402-0905,ckenrightnr@qq.com
Dodie Lackemann,09-03-1995,Argentina,794-566-2490,dlackemannns@cbslocal.com
Durand Bradnock,29-04-2019,United Kingdom,635-977-7218,dbradnocknt@japanpost.jp
Lianne Scampion,02-12-2001,United States,757-620-9267,lscampionnu@oaic.gov.au
Antonin Tovey,28-11-2005,Mexico,347-910-7163,atoveynv@alexa.com
Sherrie Ivanisov,05-02-2001,Honduras,259-330-4591,sivanisovnw@ow.ly
Whitney Lanigan,15-12-2010,Brazil,554-795-2904,wlanigannx@uiuc.edu
Davide Vallerine,07-09-1992,Brazil,217-721-5822,dvallerineny@ihg.com
Morgana Thrift,13-10-1996,Indonesia,715-327-8203,mthriftnz@pcworld.com
Katerine Scullion,03-02-2008,Indonesia,538-442-9447,ksculliono0@ucsd.edu
Bryce Deener,06-12-1990,Poland,147-764-1000,bdeenero1@naver.com
Maurise Leason,12-03-2012,Ghana,539-434-2616,mleasono2@nba.com
Lyndy Ivanonko,27-08-2000,Russia,236-414-6546,livanonkoo3@de.vu
Ruthann Hullbrook,05-10-2002,Ukraine,451-737-3711,rhullbrooko4@spiegel.de
Hayden Olyunin,20-09-1994,Malaysia,913-449-4481,holyunino6@seesaa.net
Florence Ferriday,18-04-2008,Paraguay,255-686-5783,fferridayo7@vk.com
Ruth Hryniewicz,08-05-2003,Macedonia,643-790-4106,rhryniewiczo9@macromedia.com
Granger Gridley,03-03-2021,Ukraine,873-902-4802,ggridleyoa@walmart.com
Catrina Millwater,20-05-2000,Poland,224-776-3347,cmillwaterob@goo.ne.jp
Mala Gomez,06-11-1993,Indonesia,796-492-2493,mgomezoc@furl.net
Hetti Klimontovich,02-06-2011,Brazil,733-966-5330,hklimontovichod@ycombinator.com
Randall McBain,18-03-2016,Iraq,319-173-8938,rmcbainoe@blinklist.com
Lorianna Van Niekerk,30-11-1999,Russia,861-562-7079,lvanniekerkof@feedburner.com
Gerianna Ahren,03-01-1995,Philippines,780-511-0444,gahrenog@toplist.cz
Seumas De Bruijn,11-10-2004,Japan,516-406-0144,sdebruijnoi@xrea.com
Olivie Corris,20-10-1998,United States,772-941-0693,ocorrisoj@bizjournals.com
Allen Igoe,17-12-2010,Portugal,695-944-8184,aigoeok@deviantart.com
Cindelyn Matzkaitis,09-09-2006,Uzbekistan,255-112-5023,cmatzkaitisol@wordpress.com
Saba Withrop,23-04-2009,Mexico,475-428-4183,swithropom@fotki.com
Noelle Olerenshaw,23-10-2000,Indonesia,542-318-8149,nolerenshawon@tmall.com
Thain Guiraud,20-04-2019,Madagascar,564-335-1299,tguiraudoo@4shared.com
Sisile Cordova,29-07-1993,Russia,454-156-9484,scordovaop@ebay.co.uk
Lynn Wilber,30-05-2010,Philippines,409-534-0017,lwilberor@google.com.hk
Dorolisa Kinsett,15-01-2005,Brazil,704-497-3888,dkinsettos@walmart.com
Kelley Merit,21-09-1990,Spain,170-296-0467,kmeritot@tuttocitta.it
Jocelyne Lewisham,05-08-1993,Slovenia,933-485-9290,jlewishamou@shutterfly.com
Georg Fitter,24-08-2018,Croatia,340-794-6199,gfitterov@amazon.com
Ralph Chedgey,26-08-1993,Russia,152-260-6935,rchedgeyow@thetimes.co.uk
Jere Pencost,05-06-1994,Brazil,310-139-3743,jpencostox@google.de
Alyce Eggerton,19-05-2004,Czech Republic,104-223-0262,aeggertonoy@blogger.com
Reed Matantsev,11-12-1999,Taiwan,739-439-4132,rmatantsevoz@dyndns.org
Benoite Steffans,01-09-2010,Myanmar,892-724-1647,bsteffansp0@narod.ru
Hedi Attiwill,12-05-1992,Colombia,539-858-5144,hattiwillp1@timesonline.co.uk
Sarita Walesa,14-11-2015,Netherlands,777-292-9075,swalesap2@abc.net.au
Berne Kasting,29-04-2002,Indonesia,973-455-8496,bkastingp3@over-blog.com
Scarlet Bowller,10-09-1996,Indonesia,346-285-0679,sbowllerp4@rediff.com
Joni Gomez,11-06-2000,Peru,409-221-1777,jgomezp5@alexa.com
Jeralee Joicey,19-01-2020,Indonesia,627-335-2101,jjoiceyp6@mail.ru
Liuka Stoaks,27-01-2016,Vietnam,120-387-1522,lstoaksp7@state.tx.us
Merrilee Torrijos,02-08-2001,Venezuela,362-512-1353,mtorrijosp8@jalbum.net
Rowney Croxall,10-01-2004,Cuba,509-601-0378,rcroxallpa@ucoz.ru
Jefferey Peschka,01-06-2017,Indonesia,884-295-3212,jpeschkapb@vk.com
Eyde Bickerstasse,09-10-2020,Indonesia,996-655-6116,ebickerstassepc@aboutads.info
Hilly Semper,07-12-2003,Czech Republic,449-811-3319,hsemperpe@opera.com
Davin Cavanaugh,22-07-1990,Cuba,789-275-1929,dcavanaughpg@discovery.com
Cindy Talbot,05-11-2019,Japan,738-963-1921,ctalbotph@narod.ru
Ellie Skewes,04-06-2007,Brazil,742-876-3515,eskewespi@twitpic.com
Lissi Book,28-07-2021,Thailand,458-350-9149,lbookpj@studiopress.com
Mickey Astridge,15-06-1996,Indonesia,471-916-6874,mastridgepm@berkeley.edu
Cam Welbourn,03-03-1993,South Africa,517-928-5655,cwelbournpn@diigo.com
Gayleen De Souza,10-04-1998,Portugal,392-862-1148,gdesouzapo@bloglines.com
Sibelle Beautyman,10-02-1993,Taiwan,361-996-2775,sbeautymanpp@nydailynews.com
Elvis Hollows,17-07-2017,Indonesia,606-433-1999,ehollowspr@sina.com.cn
Alicia Stirling,07-10-2014,Brazil,518-657-2422,astirlingps@techcrunch.com
Romonda Daudray,11-11-1998,Macao,697-595-7476,rdaudraypv@about.me
Odille Gault,29-08-1992,Russia,364-121-1684,ogaultpw@google.es
Leda Olivet,28-08-2020,Indonesia,210-559-3837,lolivetpy@businesswire.com
Che Papis,14-06-2008,Czech Republic,831-331-5257,cpapispz@yellowbook.com
Tressa Battye,20-11-1994,Argentina,134-694-2230,tbattyeq3@mlb.com
Nathanil Monteith,28-04-1993,Indonesia,619-978-0214,nmonteithq4@vimeo.com
Codee Prestidge,02-01-2011,Vietnam,404-584-3033,cprestidgeq5@feedburner.com
Powell Aspole,02-09-2010,Nigeria,929-175-6365,paspoleq6@stanford.edu
Evey Shale,23-10-2018,Iran,276-956-1041,eshaleq7@wufoo.com
Mirella Coots,06-08-2010,Bulgaria,249-804-6964,mcootsq9@instagram.com
Welsh Edleston,20-09-2002,Bangladesh,804-566-7843,wedlestonqa@census.gov
Joanne Wolverson,16-07-2010,Guatemala,990-779-6546,jwolversonqd@globo.com
Caria Horsefield,18-02-2001,Spain,852-377-2472,chorsefieldqe@disqus.com
Woody Caffrey,17-09-2021,Russia,273-956-5664,wcaffreyqf@dailymotion.com
Myrwyn Cuerdall,26-05-2021,Poland,238-631-6255,mcuerdallqg@wordpress.org
Wayland Bourton,03-09-1998,Russia,191-868-0512,wbourtonqi@goo.gl
Baxy Aleksashin,17-11-2006,Greece,866-246-9636,baleksashinqj@blinklist.com
Faunie Sheering,12-09-2013,Portugal,200-943-7956,fsheeringqk@hostgator.com
Nellie Haslum,27-09-2005,Greece,472-835-1068,nhaslumql@amazon.com
Nathalia Raddin,06-12-2014,Indonesia,144-466-6480,nraddinqm@mtv.com
Conchita Birt,16-12-2016,Sweden,839-563-5073,cbirtqn@amazon.com
Dotti Marsie,26-06-1994,Brazil,221-805-9866,dmarsieqp@shinystat.com
Eolanda Kiossel,30-07-2014,Philippines,773-370-8054,ekiosselqq@bloomberg.com
Claudie Canto,30-08-2002,Uzbekistan,755-239-1099,ccantoqs@si.edu
Davin Rapley,16-09-1992,Ivory Coast,285-993-9380,drapleyqt@walmart.com
Hartwell Keigher,12-07-2020,Brazil,770-410-2705,hkeigherqu@ask.com
Arlen Vispo,11-10-2016,Madagascar,814-855-4635,avispoqv@csmonitor.com
Payton Ledur,24-02-1996,Bolivia,438-854-0424,pledurqx@drupal.org
Ketti Merricks,17-11-2014,Brazil,658-251-1462,kmerricksqy@weibo.com
Maddy Kiehne,28-11-1995,Brazil,606-113-7952,mkiehneqz@csmonitor.com
Guglielma Cropper,03-03-2017,Philippines,605-986-4578,gcropperr1@csmonitor.com
Ulrich Dursley,10-12-1993,Morocco,545-763-2584,udursleyr2@ezinearticles.com
Bernette Greste,12-06-2012,Indonesia,319-270-0683,bgrester4@posterous.com
Evin Kuschke,11-09-2016,Indonesia,467-713-8782,ekuschker5@weebly.com
Torie Comben,13-05-1991,Indonesia,572-830-6911,tcombenr6@tmall.com
Odessa Johncey,18-09-1999,Croatia,887-203-4812,ojohnceyr8@networkadvertising.org
Queenie Pieracci,10-06-1993,Peru,201-660-0902,qpieraccira@reuters.com
Ervin Casbon,04-04-2008,Brazil,452-154-8343,ecasbonrb@vinaora.com
Mendy Bourthouloume,28-07-1995,Indonesia,307-386-8537,mbourthouloumerc@marketwatch.com
Martica Halvosen,29-12-2004,Angola,411-827-5186,mhalvosenrd@hhs.gov
Antonietta Taaffe,30-09-2003,Russia,959-607-8902,ataaffere@aboutads.info
Kim Lapworth,31-12-2009,Portugal,865-124-2521,klapworthrf@amazon.co.uk
Dave Milmoe,03-10-2003,Russia,384-605-7910,dmilmoerg@biglobe.ne.jp
Bernette Desvignes,15-04-2015,Poland,402-736-4394,bdesvignesri@tumblr.com
Joe Gwillyam,27-01-2017,Russia,918-491-7858,jgwillyamrk@lulu.com
Patricio Davidovic,18-07-2006,Albania,646-672-9876,pdavidovicrl@moonfruit.com
Arleen Pontain,03-03-1996,Malaysia,156-249-8309,apontainrm@auda.org.au
Jenni Doberer,06-11-2021,Portugal,188-652-3663,jdobererrn@surveymonkey.com
Waldemar Oslar,30-08-2021,Russia,243-647-5326,woslarrp@gov.uk
Pryce Petrik,09-10-2021,Portugal,430-677-0804,ppetrikrr@spotify.com
